{
  "optimal_calmar": {
    "w_tqqq": 0.19,
    "w_upro": 0.27,
    "w_ugl": 0.54,
    "cagr": 0.22869574184661623,
    "max_dd": -0.22743586509338576,
    "sharpe": 0.8342397324217009,
    "calmar": 1.0055394814389242
  },
  "best_no_tqqq": {
    "w_tqqq": 0.0,
    "w_upro": 0.49,
    "w_ugl": 0.51,
    "cagr": 0.229819686629664,
    "max_dd": -0.25214243773292355,
    "sharpe": 0.8149012167273112,
    "calmar": 0.911467695386905
  }
}